Charging_Station_Id,Customer_node,Distance
CS1,1,72.212
CS2,1,81.222
CS3,1,81.222
CS4,1,83.893
CS5,1,60.885
CS6,1,83.732
CS7,1,96.926
CS8,1,84.73
CS9,1,89.042
CS10,1,64.65
CS11,1,30.249
CS12,1,28.737
CS13,1,105.068
CS14,1,105.84
CS15,1,27.836
CS16,1,105.357
CS17,1,104.424
CS18,1,14.32
CS19,1,13.709
CS20,1,15.253
CS21,1,14.578
CS22,1,98.149
CS23,1,99.147
CS24,1,132.614
CS25,1,1.834
CS26,1,51.617
CS27,1,149.283
CS28,1,171.165
CS29,1,170.039
CS1,2,72.502
CS2,2,81.544
CS3,2,81.544
CS4,2,84.183
CS5,2,61.206
CS6,2,84.054
CS7,2,97.248
CS8,2,85.02
CS9,2,89.364
CS10,2,62.719
CS11,2,30.539
CS12,2,29.059
CS13,2,105.39
CS14,2,106.162
CS15,2,28.158
CS16,2,105.679
CS17,2,104.714
CS18,2,13.258
CS19,2,12.615
CS20,2,14.191
CS21,2,11.939
CS22,2,98.471
CS23,2,99.436
CS24,2,132.936
CS25,2,2.993
CS26,2,48.173
CS27,2,149.605
CS28,2,171.455
CS29,2,170.329
CS1,3,68.672
CS2,3,77.683
CS3,3,77.683
CS4,3,80.353
CS5,3,57.345
CS6,3,80.225
CS7,3,93.386
CS8,3,81.19
CS9,3,85.502
CS10,3,62.429
CS11,3,26.709
CS12,3,25.197
CS13,3,101.528
CS14,3,102.332
CS15,3,24.296
CS16,3,101.85
CS17,3,100.884
CS18,3,12.936
CS19,3,12.293
CS20,3,13.87
CS21,3,13.194
CS22,3,94.641
CS23,3,95.607
CS24,3,129.106
CS25,3,2.06
CS26,3,63.523
CS27,3,145.743
CS28,3,167.626
CS29,3,166.499
CS1,4,70.796
CS2,4,79.839
CS3,4,79.839
CS4,4,82.51
CS5,4,59.501
CS6,4,82.349
CS7,4,95.542
CS8,4,83.346
CS9,4,87.658
CS10,4,62.3
CS11,4,28.833
CS12,4,27.353
CS13,4,103.684
CS14,4,104.456
CS15,4,26.452
CS16,4,103.974
CS17,4,103.04
CS18,4,12.775
CS19,4,12.164
CS20,4,13.709
CS21,4,13.033
CS22,4,96.765
CS23,4,97.731
CS24,4,131.23
CS25,4,2.8
CS26,4,50.104
CS27,4,147.899
CS28,4,169.782
CS29,4,168.655
CS1,5,69.412
CS2,5,78.423
CS3,5,78.423
CS4,5,81.094
CS5,5,58.085
CS6,5,80.933
CS7,5,94.127
CS8,5,81.93
CS9,5,86.242
CS10,5,69.766
CS11,5,27.45
CS12,5,25.937
CS13,5,102.268
CS14,5,103.04
CS15,5,25.036
CS16,5,102.558
CS17,5,101.624
CS18,5,15.479
CS19,5,14.835
CS20,5,16.38
CS21,5,19.437
CS22,5,95.349
CS23,5,96.315
CS24,5,129.814
CS25,5,1.963
CS26,5,64.038
CS27,5,146.483
CS28,5,168.366
CS29,5,167.239
CS1,6,68.447
CS2,6,77.457
CS3,6,77.457
CS4,6,80.128
CS5,6,57.12
CS6,6,79.967
CS7,6,93.161
CS8,6,80.965
CS9,6,85.277
CS10,6,61.689
CS11,6,26.484
CS12,6,24.972
CS13,6,101.303
CS14,6,102.075
CS15,6,24.071
CS16,6,101.592
CS17,6,100.659
CS18,6,12.196
CS19,6,11.553
CS20,6,13.097
CS21,6,12.421
CS22,6,94.384
CS23,6,95.382
CS24,6,128.849
CS25,6,4.183
CS26,6,49.493
CS27,6,145.518
CS28,6,167.4
CS29,6,166.274
CS1,7,66.613
CS2,7,75.623
CS3,7,75.623
CS4,7,78.294
CS5,7,55.285
CS6,7,78.133
CS7,7,91.327
CS8,7,79.131
CS9,7,83.443
CS10,7,60.37
CS11,7,24.65
CS12,7,23.137
CS13,7,99.468
CS14,7,100.241
CS15,7,22.236
CS16,7,99.758
CS17,7,98.825
CS18,7,10.877
CS19,7,10.233
CS20,7,11.778
CS21,7,11.102
CS22,7,92.55
CS23,7,93.515
CS24,7,127.014
CS25,7,3.218
CS26,7,61.464
CS27,7,143.684
CS28,7,165.566
CS29,7,164.44
CS1,8,64.617
CS2,8,73.66
CS3,8,73.628
CS4,8,76.299
CS5,8,53.322
CS6,8,76.17
CS7,8,89.332
CS8,8,77.135
CS9,8,81.48
CS10,8,56.637
CS11,8,22.655
CS12,8,21.142
CS13,8,97.473
CS14,8,98.278
CS15,8,20.273
CS16,8,97.795
CS17,8,96.83
CS18,8,7.144
CS19,8,6.5
CS20,8,8.077
CS21,8,7.401
CS22,8,90.587
CS23,8,91.552
CS24,8,125.051
CS25,8,6.983
CS26,8,51.939
CS27,8,141.689
CS28,8,163.571
CS29,8,162.445
CS1,9,63.105
CS2,9,72.148
CS3,9,72.115
CS4,9,74.786
CS5,9,51.81
CS6,9,74.658
CS7,9,87.819
CS8,9,75.623
CS9,9,79.967
CS10,9,58.117
CS11,9,21.142
CS12,9,19.63
CS13,9,95.993
CS14,9,96.765
CS15,9,18.761
CS16,9,96.283
CS17,9,95.317
CS18,9,9.268
CS19,9,8.656
CS20,9,10.201
CS21,9,8.882
CS22,9,89.074
CS23,9,90.04
CS24,9,123.539
CS25,9,6.726
CS26,9,57.988
CS27,9,140.176
CS28,9,162.058
CS29,9,160.932
CS1,10,71.375
CS2,10,80.418
CS3,10,80.418
CS4,10,83.089
CS5,10,60.08
CS6,10,82.928
CS7,10,96.122
CS8,10,83.925
CS9,10,88.238
CS10,10,60.981
CS11,10,29.413
CS12,10,27.932
CS13,10,104.263
CS14,10,105.036
CS15,10,27.031
CS16,10,104.553
CS17,10,103.62
CS18,10,11.488
CS19,10,10.845
CS20,10,12.389
CS21,10,11.714
CS22,10,97.345
CS23,10,98.31
CS24,10,131.809
CS25,10,4.827
CS26,10,48.077
CS27,10,148.479
CS28,10,170.361
CS29,10,169.235
CS1,11,67.127
CS2,11,76.17
CS3,11,76.17
CS4,11,78.841
CS5,11,55.832
CS6,11,78.68
CS7,11,91.874
CS8,11,79.646
CS9,11,83.99
CS10,11,56.733
CS11,11,25.165
CS12,11,23.684
CS13,11,100.015
CS14,11,100.788
CS15,11,22.783
CS16,11,100.305
CS17,11,99.372
CS18,11,7.241
CS19,11,6.597
CS20,11,8.142
CS21,11,7.723
CS22,11,93.097
CS23,11,94.062
CS24,11,127.562
CS25,11,8.689
CS26,11,47.433
CS27,11,144.231
CS28,11,166.113
CS29,11,164.955
CS1,12,65.068
CS2,12,74.111
CS3,12,74.111
CS4,12,76.781
CS5,12,53.773
CS6,12,76.621
CS7,12,89.814
CS8,12,77.586
CS9,12,81.93
CS10,12,54.963
CS11,12,23.105
CS12,12,21.625
CS13,12,97.956
CS14,12,98.728
CS15,12,20.724
CS16,12,98.246
CS17,12,97.28
CS18,12,5.181
CS19,12,4.537
CS20,12,6.082
CS21,12,5.696
CS22,12,91.037
CS23,12,92.003
CS24,12,125.502
CS25,12,9.107
CS26,12,53.869
CS27,12,142.171
CS28,12,164.054
CS29,12,162.895
CS1,13,61.464
CS2,13,70.474
CS3,13,70.474
CS4,13,73.145
CS5,13,50.136
CS6,13,73.016
CS7,13,86.178
CS8,13,73.982
CS9,13,78.294
CS10,13,59.887
CS11,13,19.501
CS12,13,17.989
CS13,13,94.32
CS14,13,95.124
CS15,13,17.088
CS16,13,94.609
CS17,13,93.676
CS18,13,7.08
CS19,13,7.594
CS20,13,9.139
CS21,13,12.196
CS22,13,87.433
CS23,13,88.398
CS24,13,121.898
CS25,13,15.318
CS26,13,56.798
CS27,13,138.535
CS28,13,160.417
CS29,13,159.291
CS1,14,58.342
CS2,14,67.385
CS3,14,67.385
CS4,14,70.056
CS5,14,47.047
CS6,14,69.895
CS7,14,83.089
CS8,14,70.86
CS9,14,75.205
CS10,14,83.7
CS11,14,16.38
CS12,14,14.899
CS13,14,91.23
CS14,14,92.003
CS15,14,13.998
CS16,14,91.52
CS17,14,90.555
CS18,14,4.827
CS19,14,4.473
CS20,14,6.018
CS21,14,9.075
CS22,14,84.312
CS23,14,85.277
CS24,14,118.776
CS25,14,12.196
CS26,14,53.676
CS27,14,135.446
CS28,14,157.328
CS29,14,156.17
CS1,15,64.006
CS2,15,73.016
CS3,15,73.016
CS4,15,75.687
CS5,15,52.679
CS6,15,75.526
CS7,15,88.72
CS8,15,76.524
CS9,15,80.836
CS10,15,57.892
CS11,15,22.043
CS12,15,20.531
CS13,15,96.862
CS14,15,97.666
CS15,15,19.63
CS16,15,97.151
CS17,15,96.218
CS18,15,5.117
CS19,15,5.76
CS20,15,8.335
CS21,15,12.969
CS22,15,89.943
CS23,15,90.909
CS24,15,124.408
CS25,15,17.699
CS26,15,57.57
CS27,15,141.077
CS28,15,162.96
CS29,15,161.833
CS1,16,50.233
CS2,16,59.276
CS3,16,59.276
CS4,16,61.947
CS5,16,37.94
CS6,16,61.786
CS7,16,74.979
CS8,16,86.307
CS9,16,49.268
CS10,16,45.052
CS11,16,31.826
CS12,16,30.314
CS13,16,106.677
CS14,16,107.449
CS15,16,29.445
CS16,16,106.966
CS17,16,106.001
CS18,16,7.466
CS19,16,7.948
CS20,16,7.788
CS21,16,9.525
CS22,16,99.758
CS23,16,100.723
CS24,16,110.667
CS25,16,27.482
CS26,16,43.346
CS27,16,150.86
CS28,16,149.219
CS29,16,171.616
CS1,17,48.173
CS2,17,57.216
CS3,17,57.216
CS4,17,59.887
CS5,17,36.878
CS6,17,59.726
CS7,17,72.92
CS8,17,80.772
CS9,17,50.748
CS10,17,50.748
CS11,17,26.291
CS12,17,24.779
CS13,17,101.11
CS14,17,101.914
CS15,17,23.878
CS16,17,101.399
CS17,17,100.466
CS18,17,9.654
CS19,17,12.615
CS20,17,14.191
CS21,17,17.216
CS22,17,94.223
CS23,17,95.188
CS24,17,108.608
CS25,17,21.947
CS26,17,49.042
CS27,17,145.325
CS28,17,147.127
CS29,17,166.081
CS1,18,57.313
CS2,18,66.323
CS3,18,66.323
CS4,18,68.994
CS5,18,45.985
CS6,18,68.833
CS7,18,82.027
CS8,18,69.831
CS9,18,74.143
CS10,18,64.006
CS11,18,16.09
CS12,18,13.837
CS13,18,90.168
CS14,18,90.941
CS15,18,12.936
CS16,18,90.458
CS17,18,89.525
CS18,18,10.619
CS19,18,10.008
CS20,18,11.553
CS21,18,14.61
CS22,18,83.282
CS23,18,84.247
CS24,18,117.747
CS25,18,17.474
CS26,18,59.211
CS27,18,134.384
CS28,18,156.266
CS29,18,155.14
CS1,19,52.743
CS2,19,61.786
CS3,19,61.786
CS4,19,64.457
CS5,19,41.448
CS6,19,64.296
CS7,19,77.489
CS8,19,65.261
CS9,19,69.605
CS10,19,78.101
CS11,19,9.429
CS12,19,7.916
CS13,19,85.631
CS14,19,86.403
CS15,19,7.015
CS16,19,85.921
CS17,19,84.987
CS18,19,18.471
CS19,19,17.828
CS20,19,19.372
CS21,19,22.429
CS22,19,78.712
CS23,19,79.678
CS24,19,113.177
CS25,19,25.326
CS26,19,67.031
CS27,19,129.846
CS28,19,151.729
CS29,19,150.602
CS1,20,51.005
CS2,20,60.048
CS3,20,60.048
CS4,20,62.687
CS5,20,39.71
CS6,20,62.558
CS7,20,75.752
CS8,20,63.523
CS9,20,67.868
CS10,20,76.331
CS11,20,12.068
CS12,20,13.387
CS13,20,83.893
CS14,20,84.666
CS15,20,13.837
CS16,20,84.183
CS17,20,83.217
CS18,20,33.145
CS19,20,32.534
CS20,20,34.079
CS21,20,37.136
CS22,20,76.975
CS23,20,77.94
CS24,20,111.439
CS25,20,40
CS26,20,81.737
CS27,20,128.109
CS28,20,149.959
CS29,20,148.833
CS1,21,42.767
CS2,21,51.81
CS3,21,51.81
CS4,21,54.449
CS5,21,31.472
CS6,21,54.32
CS7,21,67.514
CS8,21,55.285
CS9,21,59.63
CS10,21,68.093
CS11,21,6.726
CS12,21,8.045
CS13,21,75.655
CS14,21,76.428
CS15,21,8.496
CS16,21,75.945
CS17,21,74.979
CS18,21,26.549
CS19,21,25.905
CS20,21,27.482
CS21,21,30.507
CS22,21,68.736
CS23,21,69.702
CS24,21,103.201
CS25,21,33.403
CS26,21,75.108
CS27,21,119.871
CS28,21,141.721
CS29,21,140.594
CS1,22,46.983
CS2,22,55.993
CS3,22,55.993
CS4,22,58.664
CS5,22,35.655
CS6,22,58.535
CS7,22,71.697
CS8,22,59.501
CS9,22,63.813
CS10,22,72.308
CS11,22,3.508
CS12,22,3.443
CS13,22,79.839
CS14,22,80.643
CS15,22,2.574
CS16,22,80.16
CS17,22,79.195
CS18,22,19.051
CS19,22,18.439
CS20,22,19.984
CS21,22,23.041
CS22,22,72.952
CS23,22,73.917
CS24,22,107.417
CS25,22,25.905
CS26,22,67.642
CS27,22,124.054
CS28,22,145.936
CS29,22,144.81
CS1,23,52.872
CS2,23,61.882
CS3,23,61.882
CS4,23,64.553
CS5,23,41.544
CS6,23,64.392
CS7,23,77.586
CS8,23,65.39
CS9,23,69.702
CS10,23,78.197
CS11,23,11.874
CS12,23,11.81
CS13,23,85.728
CS14,23,86.5
CS15,23,10.941
CS16,23,86.017
CS17,23,85.084
CS18,23,15.092
CS19,23,14.449
CS20,23,16.026
CS21,23,19.051
CS22,23,78.809
CS23,23,79.774
CS24,23,113.274
CS25,23,21.947
CS26,23,63.684
CS27,23,129.943
CS28,23,151.825
CS29,23,150.699
CS1,24,56.83
CS2,24,65.872
CS3,24,65.872
CS4,24,68.511
CS5,24,45.535
CS6,24,68.383
CS7,24,81.576
CS8,24,69.348
CS9,24,73.692
CS10,24,82.156
CS11,24,19.211
CS12,24,19.147
CS13,24,89.718
CS14,24,90.49
CS15,24,18.246
CS16,24,90.007
CS17,24,89.042
CS18,24,22.429
CS19,24,21.786
CS20,24,23.363
CS21,24,26.388
CS22,24,82.799
CS23,24,83.765
CS24,24,117.264
CS25,24,29.284
CS26,24,70.989
CS27,24,133.933
CS28,24,155.783
CS29,24,154.657
CS1,25,50.04
CS2,25,59.05
CS3,25,59.05
CS4,25,61.721
CS5,25,38.713
CS6,25,61.56
CS7,25,74.754
CS8,25,62.558
CS9,25,66.87
CS10,25,75.366
CS11,25,14.674
CS12,25,14.642
CS13,25,82.896
CS14,25,83.7
CS15,25,13.741
CS16,25,83.185
CS17,25,82.252
CS18,25,30.249
CS19,25,29.606
CS20,25,31.182
CS21,25,34.207
CS22,25,76.009
CS23,25,76.975
CS24,25,110.474
CS25,25,37.104
CS26,25,78.809
CS27,25,127.111
CS28,25,148.993
CS29,25,147.867
CS1,26,29.638
CS2,26,38.68
CS3,26,38.648
CS4,26,41.319
CS5,26,18.343
CS6,26,41.19
CS7,26,54.352
CS8,26,50.104
CS9,26,46.5
CS10,26,54.963
CS11,26,20.981
CS12,26,23.942
CS13,26,70.281
CS14,26,71.086
CS15,26,23.041
CS16,26,70.603
CS17,26,69.638
CS18,26,25.422
CS19,26,28.383
CS20,26,29.96
CS21,26,32.985
CS22,26,72.598
CS23,26,84.279
CS24,26,90.072
CS25,26,37.715
CS26,26,54.127
CS27,26,114.496
CS28,26,128.591
CS29,26,135.253
CS1,27,36.556
CS2,27,45.599
CS3,27,45.599
CS4,27,48.27
CS5,27,25.261
CS6,27,48.109
CS7,27,61.303
CS8,27,49.075
CS9,27,53.419
CS10,27,61.914
CS11,27,11.456
CS12,27,14.417
CS13,27,69.444
CS14,27,70.217
CS15,27,13.516
CS16,27,69.734
CS17,27,68.801
CS18,27,29.96
CS19,27,29.348
CS20,27,30.893
CS21,27,33.95
CS22,27,62.526
CS23,27,63.491
CS24,27,96.991
CS25,27,36.814
CS26,27,78.551
CS27,27,113.66
CS28,27,135.542
CS29,27,134.416
CS1,28,34.98
CS2,28,44.022
CS3,28,44.022
CS4,28,46.661
CS5,28,23.684
CS6,28,46.532
CS7,28,59.726
CS8,28,55.478
CS9,28,38.552
CS10,28,43.572
CS11,28,23.234
CS12,28,26.195
CS13,28,75.655
CS14,28,76.428
CS15,28,25.293
CS16,28,75.945
CS17,28,74.979
CS18,28,22.59
CS19,28,25.551
CS20,28,27.096
CS21,28,30.153
CS22,28,75.14
CS23,28,76.106
CS24,28,95.414
CS25,28,34.851
CS26,28,51.295
CS27,28,119.838
CS28,28,133.933
CS29,28,140.594
CS1,29,41.544
CS2,29,50.555
CS3,29,50.555
CS4,29,53.226
CS5,29,29.219
CS6,29,53.065
CS7,29,66.259
CS8,29,62.011
CS9,29,40.547
CS10,29,40.676
CS11,29,40.064
CS12,29,38.584
CS13,29,82.188
CS14,29,82.96
CS15,29,37.683
CS16,29,82.477
CS17,29,81.544
CS18,29,16.669
CS19,29,17.152
CS20,29,16.991
CS21,29,18.729
CS22,29,87.562
CS23,29,96.186
CS24,29,101.978
CS25,29,35.72
CS26,29,38.938
CS27,29,126.403
CS28,29,140.498
CS29,29,147.159
CS1,30,30.442
CS2,30,39.485
CS3,30,39.453
CS4,30,42.124
CS5,30,18.15
CS6,30,41.995
CS7,30,55.157
CS8,30,50.941
CS9,30,29.445
CS10,30,34.497
CS11,30,41.512
CS12,30,44.473
CS13,30,71.086
CS14,30,71.89
CS15,30,43.572
CS16,30,71.407
CS17,30,70.442
CS18,30,27.256
CS19,30,27.739
CS20,30,27.578
CS21,30,29.348
CS22,30,85.76
CS23,30,85.084
CS24,30,90.876
CS25,30,46.307
CS26,30,50.072
CS27,30,115.301
CS28,30,129.396
CS29,30,136.057
CS1,31,17.409
CS2,31,26.42
CS3,31,26.42
CS4,31,29.091
CS5,31,6.05
CS6,31,28.93
CS7,31,42.124
CS8,31,37.876
CS9,31,34.24
CS10,31,42.735
CS11,31,29.413
CS12,31,32.373
CS13,31,58.053
CS14,31,58.825
CS15,31,31.472
CS16,31,58.342
CS17,31,57.409
CS18,31,47.916
CS19,31,47.272
CS20,31,48.849
CS21,31,51.874
CS22,31,72.695
CS23,31,72.051
CS24,31,77.843
CS25,31,54.77
CS26,31,66.162
CS27,31,102.268
CS28,31,116.363
CS29,31,123.024
CS1,32,22.526
CS2,32,31.569
CS3,32,31.536
CS4,32,34.207
CS5,32,11.231
CS6,32,34.079
CS7,32,47.24
CS8,32,42.992
CS9,32,39.388
CS10,32,47.852
CS11,32,34.594
CS12,32,37.554
CS13,32,63.169
CS14,32,63.974
CS15,32,36.653
CS16,32,63.491
CS17,32,62.526
CS18,32,53.097
CS19,32,52.453
CS20,32,54.03
CS21,32,57.055
CS22,32,77.843
CS23,32,77.168
CS24,32,82.96
CS25,32,59.951
CS26,32,67.964
CS27,32,107.385
CS28,32,121.48
CS29,32,128.141
CS1,33,26.291
CS2,33,35.334
CS3,33,35.334
CS4,33,37.972
CS5,33,14.996
CS6,33,37.844
CS7,33,51.037
CS8,33,46.79
CS9,33,43.153
CS10,33,51.617
CS11,33,20.563
CS12,33,23.524
CS13,33,66.967
CS14,33,67.739
CS15,33,22.623
CS16,33,67.256
CS17,33,66.291
CS18,33,39.067
CS19,33,38.455
CS20,33,40
CS21,33,43.057
CS22,33,67.675
CS23,33,80.965
CS24,33,86.725
CS25,33,45.921
CS26,33,63.974
CS27,33,111.15
CS28,33,125.245
CS29,33,131.906
CS1,34,37.876
CS2,34,46.918
CS3,34,46.886
CS4,34,49.557
CS5,34,18.729
CS6,34,53.708
CS7,34,62.59
CS8,34,45.438
CS9,34,54.738
CS10,34,63.202
CS11,34,16.09
CS12,34,19.051
CS13,34,65.776
CS14,34,66.58
CS15,34,18.15
CS16,34,66.098
CS17,34,65.132
CS18,34,34.594
CS19,34,33.982
CS20,34,35.527
CS21,34,38.584
CS22,34,58.889
CS23,34,59.855
CS24,34,98.31
CS25,34,41.448
CS26,34,83.185
CS27,34,109.991
CS28,34,136.829
CS29,34,130.747
CS1,35,32.534
CS2,35,41.544
CS3,35,41.544
CS4,35,44.215
CS5,35,21.207
CS6,35,44.054
CS7,35,57.248
CS8,35,53
CS9,35,49.364
CS10,35,57.86
CS11,35,20.241
CS12,35,23.202
CS13,35,73.177
CS14,35,73.95
CS15,35,22.301
CS16,35,73.467
CS17,35,72.534
CS18,35,26.291
CS19,35,29.252
CS20,35,30.828
CS21,35,33.853
CS22,35,73.177
CS23,35,74.143
CS24,35,92.936
CS25,35,38.552
CS26,35,54.996
CS27,35,117.393
CS28,35,131.487
CS29,35,138.149
CS1,36,31.955
CS2,36,40.997
CS3,36,40.997
CS4,36,43.636
CS5,36,20.66
CS6,36,43.507
CS7,36,56.669
CS8,36,52.453
CS9,36,35.334
CS10,36,40.386
CS11,36,32.116
CS12,36,35.076
CS13,36,72.63
CS14,36,73.403
CS15,36,34.175
CS16,36,72.92
CS17,36,71.954
CS18,36,26.034
CS19,36,28.994
CS20,36,30.571
CS21,36,33.596
CS22,36,79.227
CS23,36,86.596
CS24,36,92.389
CS25,36,38.326
CS26,36,51.552
CS27,36,116.813
CS28,36,130.908
CS29,36,137.57
CS1,37,40.515
CS2,37,49.557
CS3,37,49.557
CS4,37,52.711
CS5,37,29.219
CS6,37,48.688
CS7,37,65.261
CS8,37,40.386
CS9,37,57.377
CS10,37,65.872
CS11,37,17.956
CS12,37,20.917
CS13,37,60.756
CS14,37,61.528
CS15,37,20.016
CS16,37,61.045
CS17,37,60.08
CS18,37,36.492
CS19,37,35.849
CS20,37,37.393
CS21,37,40.45
CS22,37,53.837
CS23,37,54.803
CS24,37,100.949
CS25,37,43.346
CS26,37,85.052
CS27,37,104.971
CS28,37,139.5
CS29,37,125.695
CS1,38,48.624
CS2,38,45.889
CS3,38,45.889
CS4,38,35.076
CS5,38,37.329
CS6,38,42.188
CS7,38,55.028
CS8,38,33.886
CS9,38,65.486
CS10,38,73.982
CS11,38,26.87
CS12,38,29.831
CS13,38,54.255
CS14,38,55.028
CS15,38,28.93
CS16,38,54.545
CS17,38,53.58
CS18,38,45.374
CS19,38,44.73
CS20,38,46.307
CS21,38,49.332
CS22,38,47.337
CS23,38,48.302
CS24,38,90.715
CS25,38,52.228
CS26,38,93.933
CS27,38,98.439
CS28,38,129.267
CS29,38,119.195
CS1,39,33.049
CS2,39,42.091
CS3,39,42.091
CS4,39,44.762
CS5,39,13.644
CS6,39,44.601
CS7,39,57.795
CS8,39,47.562
CS9,39,49.911
CS10,39,58.375
CS11,39,18.729
CS12,39,21.689
CS13,39,67.932
CS14,39,68.704
CS15,39,20.788
CS16,39,68.222
CS17,39,67.256
CS18,39,37.232
CS19,39,36.589
CS20,39,38.165
CS21,39,41.19
CS22,39,61.013
CS23,39,61.979
CS24,39,93.483
CS25,39,44.087
CS26,39,63.652
CS27,39,112.115
CS28,39,132.002
CS29,39,132.871
CS1,40,31.504
CS2,40,40.515
CS3,40,40.515
CS4,40,43.186
CS5,40,11.07
CS6,40,43.057
CS7,40,56.218
CS8,40,51.971
CS9,40,48.334
CS10,40,56.83
CS11,40,21.979
CS12,40,24.94
CS13,40,72.148
CS14,40,72.952
CS15,40,24.038
CS16,40,72.437
CS17,40,71.504
CS18,40,40.482
CS19,40,39.871
CS20,40,41.416
CS21,40,44.441
CS22,40,69.09
CS23,40,70.056
CS24,40,91.938
CS25,40,47.337
CS26,40,64.135
CS27,40,116.363
CS28,40,130.458
CS29,40,137.119
CS1,41,15.189
CS2,41,24.425
CS3,41,24.425
CS4,41,29.284
CS5,41,3.089
CS6,41,29.155
CS7,41,42.317
CS8,41,38.069
CS9,41,40.643
CS10,41,49.107
CS11,41,29.091
CS12,41,32.051
CS13,41,58.246
CS14,41,59.05
CS15,41,31.15
CS16,41,58.535
CS17,41,57.602
CS18,41,47.594
CS19,41,46.983
CS20,41,48.527
CS21,41,51.585
CS22,41,72.888
CS23,41,72.244
CS24,41,78.037
CS25,41,54.449
CS26,41,68.865
CS27,41,102.461
CS28,41,116.556
CS29,41,123.217
CS1,42,8.785
CS2,42,17.828
CS3,42,17.796
CS4,42,20.466
CS5,42,8.882
CS6,42,20.338
CS7,42,33.499
CS8,42,29.284
CS9,42,40.836
CS10,42,49.3
CS11,42,39.195
CS12,42,42.156
CS13,42,49.428
CS14,42,50.233
CS15,42,41.255
CS16,42,49.75
CS17,42,48.785
CS18,42,57.699
CS19,42,57.087
CS20,42,58.632
CS21,42,61.657
CS22,42,64.103
CS23,42,63.427
CS24,42,69.219
CS25,42,64.553
CS26,42,75.945
CS27,42,93.644
CS28,42,107.739
CS29,42,114.4
CS1,43,38.005
CS2,43,47.047
CS3,43,47.047
CS4,43,37.071
CS5,43,18.536
CS6,43,30.957
CS7,43,56.991
CS8,43,38.938
CS9,43,54.867
CS10,43,63.362
CS11,43,20.306
CS12,43,23.266
CS13,43,59.308
CS14,43,60.08
CS15,43,22.365
CS16,43,59.597
CS17,43,58.632
CS18,43,38.809
CS19,43,38.198
CS20,43,39.742
CS21,43,42.799
CS22,43,52.389
CS23,43,53.354
CS24,43,92.711
CS25,43,45.663
CS26,43,87.401
CS27,43,103.523
CS28,43,131.23
CS29,43,124.279
CS1,44,36.106
CS2,44,30.056
CS3,44,30.056
CS4,44,33.725
CS5,44,15.575
CS6,44,27.61
CS7,44,60.852
CS8,44,42.124
CS9,44,52.968
CS10,44,61.464
CS11,44,23.491
CS12,44,26.452
CS13,44,62.494
CS14,44,63.266
CS15,44,25.551
CS16,44,62.783
CS17,44,61.818
CS18,44,41.995
CS19,44,41.383
CS20,44,42.928
CS21,44,45.985
CS22,44,55.575
CS23,44,56.54
CS24,44,96.54
CS25,44,48.849
CS26,44,90.587
CS27,44,106.709
CS28,44,135.092
CS29,44,127.433
CS1,45,16.669
CS2,45,21.271
CS3,45,21.271
CS4,45,24.94
CS5,45,6.854
CS6,45,17.667
CS7,45,37.972
CS8,45,25.647
CS9,45,42.091
CS10,45,50.587
CS11,45,40.482
CS12,45,43.443
CS13,45,53.902
CS14,45,54.674
CS15,45,42.542
CS16,45,54.191
CS17,45,53.258
CS18,45,58.986
CS19,45,58.342
CS20,45,59.919
CS21,45,62.944
CS22,45,56.701
CS23,45,67.9
CS24,45,73.692
CS25,45,65.84
CS26,45,77.232
CS27,45,98.117
CS28,45,112.212
CS29,45,118.873
CS1,46,12.711
CS2,46,15.929
CS3,46,15.929
CS4,46,19.598
CS5,46,10.265
CS6,46,14.095
CS7,46,32.663
CS8,46,28.415
CS9,46,41.834
CS10,46,50.33
CS11,46,40.193
CS12,46,43.153
CS13,46,48.592
CS14,46,49.364
CS15,46,42.285
CS16,46,48.881
CS17,46,47.916
CS18,46,58.729
CS19,46,58.085
CS20,46,59.63
CS21,46,62.687
CS22,46,63.234
CS23,46,62.59
CS24,46,68.35
CS25,46,65.583
CS26,46,76.942
CS27,46,92.775
CS28,46,106.87
CS29,46,113.531
CS1,47,11.07
CS2,47,14.964
CS3,47,14.932
CS4,47,18.632
CS5,47,13.483
CS6,47,14.835
CS7,47,31.665
CS8,47,22.816
CS9,47,44.795
CS10,47,53.29
CS11,47,43.186
CS12,47,46.146
CS13,47,47.594
CS14,47,48.367
CS15,47,45.245
CS16,47,47.884
CS17,47,46.918
CS18,47,61.689
CS19,47,61.045
CS20,47,62.622
CS21,47,65.647
CS22,47,62.236
CS23,47,61.593
CS24,47,67.353
CS25,47,68.543
CS26,47,79.935
CS27,47,91.81
CS28,47,105.904
CS29,47,112.533
CS1,48,21.882
CS2,48,22.655
CS3,48,22.655
CS4,48,13.033
CS5,48,20.145
CS6,48,9.911
CS7,48,31.794
CS8,48,17.924
CS9,48,50.33
CS10,48,58.825
CS11,48,48.688
CS12,48,51.649
CS13,48,41.995
CS14,48,42.799
CS15,48,50.78
CS16,48,42.317
CS17,48,41.351
CS18,48,67.224
CS19,48,66.58
CS20,48,68.125
CS21,48,71.182
CS22,48,56.669
CS23,48,55.993
CS24,48,67.514
CS25,48,74.078
CS26,48,85.438
CS27,48,86.21
CS28,48,106.033
CS29,48,106.966
CS1,49,23.009
CS2,49,23.781
CS3,49,23.781
CS4,49,13.001
CS5,49,21.271
CS6,49,12.872
CS7,49,32.92
CS8,49,21.786
CS9,49,51.456
CS10,49,59.951
CS11,49,49.847
CS12,49,52.807
CS13,49,41.963
CS14,49,42.735
CS15,49,51.906
CS16,49,42.252
CS17,49,41.319
CS18,49,68.35
CS19,49,67.707
CS20,49,69.284
CS21,49,72.308
CS22,49,56.605
CS23,49,55.961
CS24,49,68.64
CS25,49,75.205
CS26,49,86.596
CS27,49,86.178
CS28,49,107.159
CS29,49,106.934
CS1,50,28.029
CS2,50,28.833
CS3,50,28.801
CS4,50,18.021
CS5,50,12.872
CS6,50,11.907
CS7,50,37.94
CS8,50,19.919
CS9,50,56.476
CS10,50,64.971
CS11,50,44.022
CS12,50,46.983
CS13,50,46.983
CS14,50,47.787
CS15,50,46.082
CS16,50,47.305
CS17,50,46.339
CS18,50,62.526
CS19,50,61.882
CS20,50,63.459
CS21,50,66.484
CS22,50,50.716
CS23,50,60.981
CS24,50,73.66
CS25,50,69.38
CS26,50,91.616
CS27,50,91.198
CS28,50,112.179
CS29,50,111.954
CS1,51,37.039
CS2,51,37.812
CS3,51,37.812
CS4,51,27.031
CS5,51,18.117
CS6,51,20.917
CS7,51,46.951
CS8,51,29.38
CS9,51,65.486
CS10,51,73.982
CS11,51,38.198
CS12,51,41.158
CS13,51,55.993
CS14,51,56.766
CS15,51,40.257
CS16,51,56.283
CS17,51,55.35
CS18,51,56.701
CS19,51,56.09
CS20,51,57.634
CS21,51,60.691
CS22,51,44.762
CS23,51,45.728
CS24,51,82.67
CS25,51,63.556
CS26,51,105.293
CS27,51,100.209
CS28,51,121.19
CS29,51,120.965
CS1,52,34.883
CS2,52,35.688
CS3,52,35.655
CS4,52,24.875
CS5,52,19.694
CS6,52,18.761
CS7,52,44.795
CS8,52,26.774
CS9,52,63.33
CS10,52,71.826
CS11,52,43.153
CS12,52,46.114
CS13,52,53.837
CS14,52,54.642
CS15,52,45.213
CS16,52,54.127
CS17,52,53.194
CS18,52,61.657
CS19,52,61.013
CS20,52,62.59
CS21,52,65.615
CS22,52,46.532
CS23,52,47.498
CS24,52,80.514
CS25,52,68.511
CS26,52,98.471
CS27,52,98.052
CS28,52,119.034
CS29,52,118.809
CS1,53,39.678
CS2,53,40.45
CS3,53,40.45
CS4,53,29.638
CS5,53,21.625
CS6,53,23.556
CS7,53,49.589
CS8,53,37.458
CS9,53,72.148
CS10,53,80.643
CS11,53,33.532
CS12,53,36.492
CS13,53,57.795
CS14,53,58.568
CS15,53,35.591
CS16,53,58.085
CS17,53,57.152
CS18,53,52.035
CS19,53,51.391
CS20,53,52.968
CS21,53,55.993
CS22,53,50.877
CS23,53,51.842
CS24,53,85.277
CS25,53,58.889
CS26,53,100.595
CS27,53,102.011
CS28,53,123.829
CS29,53,122.767
CS1,54,60.466
CS2,54,47.144
CS3,54,47.112
CS4,54,33.725
CS5,54,49.171
CS6,54,29.67
CS7,54,56.251
CS8,54,21.4
CS9,54,77.329
CS10,54,85.792
CS11,54,38.68
CS12,54,41.641
CS13,54,41.737
CS14,54,32.985
CS15,54,40.74
CS16,54,42.027
CS17,54,41.094
CS18,54,57.184
CS19,54,56.572
CS20,54,58.117
CS21,54,61.174
CS22,54,32.212
CS23,54,33.178
CS24,54,91.97
CS25,54,64.038
CS26,54,105.776
CS27,54,71.311
CS28,54,130.49
CS29,54,78.326
CS1,55,41.705
CS2,55,42.478
CS3,55,42.478
CS4,55,31.697
CS5,55,26.516
CS6,55,25.583
CS7,55,51.617
CS8,55,29.284
CS9,55,70.152
CS10,55,78.648
CS11,55,46.017
CS12,55,48.978
CS13,55,60.659
CS14,55,61.432
CS15,55,48.077
CS16,55,60.949
CS17,55,59.984
CS18,55,64.521
CS19,55,63.909
CS20,55,65.454
CS21,55,68.511
CS22,55,44.666
CS23,55,45.631
CS24,55,87.337
CS25,55,71.375
CS26,55,113.113
CS27,55,104.875
CS28,55,125.856
CS29,55,125.599
CS1,56,45.052
CS2,56,45.824
CS3,56,45.824
CS4,56,33.435
CS5,56,49.3
CS6,56,29.413
CS7,56,54.963
CS8,56,21.11
CS9,56,77.457
CS10,56,85.921
CS11,56,38.809
CS12,56,41.77
CS13,56,41.48
CS14,56,42.252
CS15,56,40.869
CS16,56,41.77
CS17,56,40.836
CS18,56,57.313
CS19,56,56.701
CS20,56,58.246
CS21,56,61.303
CS22,56,33.145
CS23,56,34.111
CS24,56,90.651
CS25,56,64.167
CS26,56,105.904
CS27,56,85.695
CS28,56,129.203
CS29,56,79.227
CS1,57,42.671
CS2,57,43.443
CS3,57,43.443
CS4,57,32.663
CS5,57,27.482
CS6,57,26.549
CS7,57,52.582
CS8,57,21.947
CS9,57,71.118
CS10,57,79.613
CS11,57,44.634
CS12,57,47.594
CS13,57,42.317
CS14,57,43.089
CS15,57,46.693
CS16,57,42.606
CS17,57,41.641
CS18,57,63.137
CS19,57,62.494
CS20,57,64.07
CS21,57,67.095
CS22,57,37.329
CS23,57,38.294
CS24,57,88.27
CS25,57,69.992
CS26,57,111.729
CS27,57,86.532
CS28,57,126.821
CS29,57,107.256
CS1,58,43.25
CS2,58,44.054
CS3,58,44.054
CS4,58,33.242
CS5,58,28.061
CS6,58,27.128
CS7,58,53.161
CS8,58,22.558
CS9,58,71.697
CS10,58,80.193
CS11,58,39.227
CS12,58,42.188
CS13,58,42.896
CS14,58,43.7
CS15,58,41.287
CS16,58,43.218
CS17,58,42.252
CS18,58,57.763
CS19,58,57.12
CS20,58,58.664
CS21,58,61.721
CS22,58,35.559
CS23,58,36.524
CS24,58,88.881
CS25,58,64.617
CS26,58,106.323
CS27,58,87.111
CS28,58,127.401
CS29,58,107.867
CS1,59,43.797
CS2,59,44.569
CS3,59,44.569
CS4,59,22.397
CS5,59,28.608
CS6,59,27.964
CS7,59,53.708
CS8,59,19.662
CS9,59,72.244
CS10,59,80.74
CS11,59,42.349
CS12,59,45.309
CS13,59,40.032
CS14,59,40.804
CS15,59,44.408
CS16,59,40.322
CS17,59,39.356
CS18,59,60.852
CS19,59,60.241
CS20,59,61.786
CS21,59,64.843
CS22,59,35.044
CS23,59,36.009
CS24,59,89.428
CS25,59,67.707
CS26,59,109.444
CS27,59,84.247
CS28,59,127.948
CS29,59,105.003
CS1,60,35.559
CS2,60,36.363
CS3,60,36.363
CS4,60,13.001
CS5,60,20.692
CS6,60,8.367
CS7,60,45.47
CS8,60,11.746
CS9,60,64.038
CS10,60,72.502
CS11,60,55.897
CS12,60,58.857
CS13,60,32.244
CS14,60,33.049
CS15,60,57.956
CS16,60,32.534
CS17,60,31.601
CS18,60,74.4
CS19,60,73.789
CS20,60,75.333
CS21,60,78.358
CS22,60,46.886
CS23,60,46.243
CS24,60,81.19
CS25,60,81.255
CS26,60,122.992
CS27,60,76.46
CS28,60,119.71
CS29,60,97.216
CS1,61,30.893
CS2,61,31.697
CS3,61,31.665
CS4,61,7.981
CS5,61,29.155
CS6,61,3.701
CS7,61,40.804
CS8,61,7.723
CS9,61,59.34
CS10,61,67.835
CS11,61,57.731
CS12,61,60.691
CS13,61,33.628
CS14,61,34.4
CS15,61,59.79
CS16,61,33.918
CS17,61,32.952
CS18,61,76.234
CS19,61,75.591
CS20,61,77.168
CS21,61,80.193
CS22,61,48.27
CS23,61,47.626
CS24,61,76.524
CS25,61,83.089
CS26,61,94.48
CS27,61,77.843
CS28,61,115.044
CS29,61,98.567
CS1,62,22.397
CS2,62,26.162
CS3,62,26.162
CS4,62,5.213
CS5,62,30.635
CS6,62,6.597
CS7,62,42.317
CS8,62,10.619
CS9,62,60.852
CS10,62,69.316
CS11,62,59.211
CS12,62,62.172
CS13,62,35.623
CS14,62,36.396
CS15,62,61.271
CS16,62,35.913
CS17,62,34.947
CS18,62,77.715
CS19,62,77.103
CS20,62,78.648
CS21,62,81.705
CS22,62,50.265
CS23,62,49.622
CS24,62,78.004
CS25,62,84.569
CS26,62,95.961
CS27,62,79.839
CS28,62,116.556
CS29,62,100.563
CS1,63,38.005
CS2,63,38.777
CS3,63,38.777
CS4,63,14.674
CS5,63,36.267
CS6,63,10.394
CS7,63,47.916
CS8,63,2.285
CS9,63,66.452
CS10,63,74.947
CS11,63,56.025
CS12,63,58.986
CS13,63,23.813
CS14,63,24.586
CS15,63,58.085
CS16,63,24.103
CS17,63,23.137
CS18,63,74.529
CS19,63,73.885
CS20,63,75.462
CS21,63,78.487
CS22,63,44.955
CS23,63,44.312
CS24,63,83.636
CS25,63,81.383
CS26,63,123.121
CS27,63,74.529
CS28,63,122.155
CS29,63,95.285
CS1,64,41.609
CS2,64,42.381
CS3,64,42.381
CS4,64,21.561
CS5,64,39.839
CS6,64,17.506
CS7,64,51.52
CS8,64,7.337
CS9,64,70.056
CS10,64,78.551
CS11,64,49.139
CS12,64,52.099
CS13,64,29.606
CS14,64,30.378
CS15,64,51.198
CS16,64,29.895
CS17,64,28.93
CS18,64,67.642
CS19,64,67.031
CS20,64,68.576
CS21,64,71.633
CS22,64,31.729
CS23,64,43.604
CS24,64,87.208
CS25,64,74.497
CS26,64,116.234
CS27,64,73.789
CS28,64,125.759
CS29,64,94.545
CS1,65,59.951
CS2,65,60.724
CS3,65,60.724
CS4,65,39.903
CS5,65,58.181
CS6,65,35.849
CS7,65,69.863
CS8,65,24.972
CS9,65,88.398
CS10,65,96.894
CS11,65,78.712
CS12,65,81.673
CS13,65,2.735
CS14,65,4.312
CS15,65,80.772
CS16,65,3.025
CS17,65,2.06
CS18,65,97.216
CS19,65,96.572
CS20,65,98.149
CS21,65,101.174
CS22,65,19.051
CS23,65,20.016
CS24,65,105.55
CS25,65,104.07
CS26,65,123.507
CS27,65,59.984
CS28,65,144.102
CS29,65,69.798
CS1,66,57.57
CS2,66,58.342
CS3,66,58.342
CS4,66,37.522
CS5,66,55.8
CS6,66,33.499
CS7,66,67.481
CS8,66,27.836
CS9,66,86.017
CS10,66,94.513
CS11,66,65.551
CS12,66,68.511
CS13,66,9.751
CS14,66,6.082
CS15,66,67.61
CS16,66,10.491
CS17,66,9.075
CS18,66,84.054
CS19,66,83.443
CS20,66,84.987
CS21,66,88.044
CS22,66,15.318
CS23,66,20.595
CS24,66,103.201
CS25,66,90.909
CS26,66,132.646
CS27,66,50.812
CS28,66,141.721
CS29,66,71.568
CS1,67,57.795
CS2,67,58.568
CS3,67,58.568
CS4,67,37.747
CS5,67,56.025
CS6,67,33.725
CS7,67,67.707
CS8,67,28.061
CS9,67,86.242
CS10,67,94.738
CS11,67,64.585
CS12,67,67.546
CS13,67,11.585
CS14,67,7.916
CS15,67,66.645
CS16,67,12.325
CS17,67,10.909
CS18,67,83.089
CS19,67,82.445
CS20,67,84.022
CS21,67,87.047
CS22,67,11.681
CS23,67,12.647
CS24,67,103.394
CS25,67,89.943
CS26,67,131.681
CS27,67,51.037
CS28,67,141.946
CS29,67,71.794
CS1,68,62.075
CS2,68,62.848
CS3,68,62.848
CS4,68,42.027
CS5,68,60.338
CS6,68,38.005
CS7,68,71.987
CS8,68,32.341
CS9,68,90.522
CS10,68,99.018
CS11,68,60.37
CS12,68,63.298
CS13,68,15.865
CS14,68,12.196
CS15,68,62.429
CS16,68,16.605
CS17,68,15.189
CS18,68,78.873
CS19,68,78.23
CS20,68,79.806
CS21,68,82.831
CS22,68,10.105
CS23,68,11.07
CS24,68,107.706
CS25,68,85.728
CS26,68,127.433
CS27,68,49.203
CS28,68,146.226
CS29,68,56.218
CS1,69,67.385
CS2,69,68.157
CS3,69,68.157
CS4,69,47.337
CS5,69,65.615
CS6,69,43.282
CS7,69,77.296
CS8,69,37.618
CS9,69,95.832
CS10,69,104.295
CS11,69,65.615
CS12,69,68.543
CS13,69,19.823
CS14,69,17.474
CS15,69,67.675
CS16,69,19.211
CS17,69,18.664
CS18,69,84.119
CS19,69,83.475
CS20,69,85.052
CS21,69,88.077
CS22,69,5.31
CS23,69,6.275
CS24,69,112.984
CS25,69,90.973
CS26,69,132.678
CS27,69,44.408
CS28,69,151.503
CS29,69,51.424
CS1,70,126.21
CS2,70,126.982
CS3,70,126.982
CS4,70,106.162
CS5,70,124.44
CS6,70,102.139
CS7,70,136.121
CS8,70,96.476
CS9,70,154.657
CS10,70,163.153
CS11,70,144.971
CS12,70,147.931
CS13,70,82.284
CS14,70,78.616
CS15,70,147.03
CS16,70,83.024
CS17,70,81.608
CS18,70,163.474
CS19,70,162.831
CS20,70,164.408
CS21,70,167.433
CS22,70,62.3
CS23,70,61.625
CS24,70,171.809
CS25,70,170.329
CS26,70,189.765
CS27,70,33.564
CS28,70,210.361
CS29,70,54.32
CS1,71,6.082
CS2,71,8.238
CS3,71,8.238
CS4,71,26.613
CS5,71,21.239
CS6,71,28.962
CS7,71,30.12
CS8,71,37.876
CS9,71,27.546
CS10,71,36.042
CS11,71,51.552
CS12,71,54.513
CS13,71,58.053
CS14,71,58.857
CS15,71,53.612
CS16,71,58.375
CS17,71,57.409
CS18,71,70.056
CS19,71,69.444
CS20,71,70.989
CS21,71,74.046
CS22,71,72.727
CS23,71,72.051
CS24,71,51.07
CS25,71,76.91
CS26,71,89.042
CS27,71,102.268
CS28,71,104.36
CS29,71,123.024
CS1,72,8.946
CS2,72,1.545
CS3,72,1.545
CS4,72,20.338
CS5,72,24.103
CS6,72,28.254
CS7,72,23.845
CS8,72,37.2
CS9,72,29.316
CS10,72,37.812
CS11,72,54.127
CS12,72,57.087
CS13,72,57.377
CS14,72,58.149
CS15,72,56.186
CS16,72,57.667
CS17,72,56.701
CS18,72,72.63
CS19,72,71.987
CS20,72,73.563
CS21,72,76.588
CS22,72,72.019
CS23,72,71.375
CS24,72,59.533
CS25,72,79.485
CS26,72,90.78
CS27,72,101.56
CS28,72,98.085
CS29,72,122.316
CS1,73,115.269
CS2,73,107.835
CS3,73,107.835
CS4,73,123.796
CS5,73,126.178
CS6,73,123.668
CS7,73,15.382
CS8,73,132.614
CS9,73,119.871
CS10,73,125.631
CS11,73,154.754
CS12,73,157.714
CS13,73,152.791
CS14,73,153.563
CS15,73,156.813
CS16,73,153.08
CS17,73,152.115
CS18,73,173.257
CS19,73,172.646
CS20,73,174.19
CS21,73,177.247
CS22,73,167.433
CS23,73,166.789
CS24,73,51.07
CS25,73,180.111
CS26,73,167.497
CS27,73,196.974
CS28,73,89.621
CS29,73,217.73
CS1,74,14.706
CS2,74,10.169
CS3,74,10.169
CS4,74,14.127
CS5,74,28.544
CS6,74,20.273
CS7,74,21.625
CS8,74,29.219
CS9,74,35.237
CS10,74,43.7
CS11,74,57.12
CS12,74,60.08
CS13,74,49.396
CS14,74,50.169
CS15,74,59.179
CS16,74,49.686
CS17,74,48.721
CS18,74,75.623
CS19,74,75.012
CS20,74,76.556
CS21,74,79.613
CS22,74,64.038
CS23,74,63.395
CS24,74,57.345
CS25,74,82.477
CS26,74,93.869
CS27,74,93.612
CS28,74,95.864
CS29,74,114.336
CS1,75,23.363
CS2,75,15.446
CS3,75,15.446
CS4,75,9.139
CS5,75,36.492
CS6,75,14.513
CS7,75,29.541
CS8,75,22.172
CS9,75,43.153
CS10,75,51.617
CS11,75,65.036
CS12,75,67.996
CS13,75,32.598
CS14,75,42.381
CS15,75,67.127
CS16,75,32.888
CS17,75,33.853
CS18,75,83.571
CS19,75,82.928
CS20,75,84.473
CS21,75,87.53
CS22,75,56.251
CS23,75,55.607
CS24,75,65.261
CS25,75,90.426
CS26,75,101.785
CS27,75,85.824
CS28,75,103.781
CS29,75,106.548
CS1,76,34.368
CS2,76,29.927
CS3,76,29.895
CS4,76,21.464
CS5,76,64.07
CS6,76,26.999
CS7,76,40.547
CS8,76,18.89
CS9,76,54.127
CS10,76,62.622
CS11,76,84.601
CS12,76,87.53
CS13,76,24.875
CS14,76,28.447
CS15,76,86.661
CS16,76,25.165
CS17,76,26.13
CS18,76,103.105
CS19,76,102.461
CS20,76,104.006
CS21,76,107.063
CS22,76,56.283
CS23,76,55.639
CS24,76,74.368
CS25,76,109.959
CS26,76,129.396
CS27,76,85.856
CS28,76,114.786
CS29,76,106.612
CS1,77,62.429
CS2,77,35.688
CS3,77,35.688
CS4,77,30.7
CS5,77,60.659
CS6,77,38.359
CS7,77,72.341
CS8,77,27.289
CS9,77,90.876
CS10,77,99.372
CS11,77,81.19
CS12,77,84.151
CS13,77,15.382
CS14,77,16.444
CS15,77,83.25
CS16,77,13.162
CS17,77,14.127
CS18,77,99.694
CS19,77,99.05
CS20,77,100.627
CS21,77,103.652
CS22,77,30.474
CS23,77,31.44
CS24,77,108.028
CS25,77,106.548
CS26,77,125.985
CS27,77,82.445
CS28,77,146.58
CS29,77,103.201
CS1,78,71.987
CS2,78,45.277
CS3,78,45.277
CS4,78,40.289
CS5,78,70.249
CS6,78,47.916
CS7,78,81.898
CS8,78,36.878
CS9,78,100.434
CS10,78,108.929
CS11,78,90.748
CS12,78,93.708
CS13,78,15.189
CS14,78,19.244
CS15,78,92.807
CS16,78,15.961
CS17,78,14.288
CS18,78,109.251
CS19,78,108.64
CS20,78,110.184
CS21,78,113.241
CS22,78,27.932
CS23,78,28.865
CS24,78,117.618
CS25,78,116.105
CS26,78,135.574
CS27,78,66.838
CS28,78,156.137
CS29,78,73.95
CS1,79,63.266
CS2,79,64.07
CS3,79,64.038
CS4,79,43.218
CS5,79,61.528
CS6,79,39.195
CS7,79,73.177
CS8,79,33.532
CS9,79,91.713
CS10,79,100.209
CS11,79,70.056
CS12,79,73.016
CS13,79,12.615
CS14,79,11.424
CS15,79,72.115
CS16,79,12.035
CS17,79,11.456
CS18,79,88.559
CS19,79,87.948
CS20,79,89.493
CS21,79,92.55
CS22,79,6.211
CS23,79,7.144
CS24,79,108.897
CS25,79,95.414
CS26,79,137.151
CS27,79,45.116
CS28,79,147.417
CS29,79,49.139
CS1,80,71.15
CS2,80,71.954
CS3,80,71.954
CS4,80,51.102
CS5,80,69.412
CS6,80,47.079
CS7,80,81.061
CS8,80,41.416
CS9,80,99.629
CS10,80,108.093
CS11,80,70.41
CS12,80,73.37
CS13,80,18.214
CS14,80,16.991
CS15,80,72.469
CS16,80,17.635
CS17,80,17.055
CS18,80,88.946
CS19,80,88.302
CS20,80,89.847
CS21,80,92.904
CS22,80,0.386
CS23,80,1.287
CS24,80,116.781
CS25,80,95.8
CS26,80,137.505
CS27,80,39.26
CS28,80,155.301
CS29,80,46.275
CS1,81,33.982
CS2,81,43.025
CS3,81,43.025
CS4,81,45.663
CS5,81,22.687
CS6,81,45.535
CS7,81,58.729
CS8,81,54.481
CS9,81,37.554
CS10,81,42.574
CS11,81,24.328
CS12,81,27.289
CS13,81,74.658
CS14,81,75.43
CS15,81,26.388
CS16,81,74.947
CS17,81,73.982
CS18,81,23.684
CS19,81,26.645
CS20,81,28.222
CS21,81,31.247
CS22,81,76.234
CS23,81,88.656
CS24,81,94.416
CS25,81,35.977
CS26,81,50.716
CS27,81,118.841
CS28,81,132.936
CS29,81,139.597
CS1,82,70.088
CS2,82,70.893
CS3,82,70.86
CS4,82,50.04
CS5,82,68.35
CS6,82,46.017
CS7,82,79.999
CS8,82,35.141
CS9,82,98.535
CS10,82,107.031
CS11,82,88.849
CS12,82,91.81
CS13,82,18.697
CS14,82,15.736
CS15,82,90.909
CS16,82,18.986
CS17,82,18.053
CS18,82,107.352
CS19,82,106.741
CS20,82,108.286
CS21,82,111.343
CS22,82,20.66
CS23,82,21.754
CS24,82,115.719
CS25,82,114.207
CS26,82,133.676
CS27,82,59.565
CS28,82,154.239
CS29,82,62.429
CS1,83,77.168
CS2,83,77.94
CS3,83,77.94
CS4,83,57.12
CS5,83,75.398
CS6,83,53.097
CS7,83,87.079
CS8,83,47.433
CS9,83,105.615
CS10,83,114.11
CS11,83,79.967
CS12,83,82.928
CS13,83,22.687
CS14,83,32.534
CS15,83,82.027
CS16,83,22.075
CS17,83,21.528
CS18,83,98.471
CS19,83,97.859
CS20,83,99.404
CS21,83,102.461
CS22,83,10.233
CS23,83,9.59
CS24,83,122.767
CS25,83,105.325
CS26,83,147.063
CS27,83,45.277
CS28,83,161.318
CS29,83,38.938
CS1,84,108.768
CS2,84,109.541
CS3,84,109.541
CS4,84,88.72
CS5,84,107.031
CS6,84,84.698
CS7,84,118.68
CS8,84,73.789
CS9,84,137.216
CS10,84,145.711
CS11,84,127.529
CS12,84,130.49
CS13,84,57.377
CS14,84,54.416
CS15,84,129.589
CS16,84,57.667
CS17,84,56.701
CS18,84,146.033
CS19,84,145.421
CS20,84,146.966
CS21,84,150.023
CS22,84,52.293
CS23,84,48.527
CS24,84,154.4
CS25,84,152.887
CS26,84,172.324
CS27,84,65.036
CS28,84,192.919
CS29,84,54.449
CS1,85,55.671
CS2,85,52.743
CS3,85,52.743
CS4,85,40.322
CS5,85,44.376
CS6,85,36.299
CS7,85,61.85
CS8,85,27.997
CS9,85,72.534
CS10,85,81.029
CS11,85,33.918
CS12,85,36.878
CS13,85,48.367
CS14,85,49.139
CS15,85,35.977
CS16,85,48.656
CS17,85,47.691
CS18,85,52.421
CS19,85,51.778
CS20,85,53.354
CS21,85,56.379
CS22,85,41.448
CS23,85,42.413
CS24,85,97.57
CS25,85,59.276
CS26,85,100.981
CS27,85,92.582
CS28,85,136.089
CS29,85,113.306
CS1,86,20.531
CS2,86,13.065
CS3,86,13.065
CS4,86,23.781
CS5,86,36.75
CS6,86,34.24
CS7,86,22.204
CS8,86,43.186
CS9,86,40.74
CS10,86,49.235
CS11,86,65.325
CS12,86,68.286
CS13,86,63.362
CS14,86,64.135
CS15,86,67.385
CS16,86,63.652
CS17,86,62.719
CS18,86,83.861
CS19,86,83.217
CS20,86,84.762
CS21,86,87.819
CS22,86,78.004
CS23,86,77.361
CS24,86,57.892
CS25,86,90.715
CS26,86,102.236
CS27,86,107.578
CS28,86,96.443
CS29,86,128.334
CS1,87,46.983
CS2,87,47.755
CS3,87,47.755
CS4,87,26.935
CS5,87,45.245
CS6,87,17.184
CS7,87,56.894
CS8,87,7.047
CS9,87,75.43
CS10,87,83.925
CS11,87,57.345
CS12,87,60.305
CS13,87,15.543
CS14,87,16.347
CS15,87,59.404
CS16,87,15.833
CS17,87,14.899
CS18,87,75.848
CS19,87,75.237
CS20,87,76.781
CS21,87,79.839
CS22,87,30.217
CS23,87,29.573
CS24,87,92.614
CS25,87,82.703
CS26,87,110.538
CS27,87,59.79
CS28,87,131.134
CS29,87,80.547
CS1,88,41.577
CS2,88,42.349
CS3,88,42.349
CS4,88,21.528
CS5,88,39.807
CS6,88,17.474
CS7,88,51.488
CS8,88,10.973
CS9,88,70.024
CS10,88,78.487
CS11,88,60.305
CS12,88,63.266
CS13,88,19.276
CS14,88,22.494
CS15,88,62.365
CS16,88,19.598
CS17,88,21.046
CS18,88,78.841
CS19,88,78.197
CS20,88,79.742
CS21,88,82.799
CS22,88,44.634
CS23,88,43.99
CS24,88,87.176
CS25,88,85.695
CS26,88,105.132
CS27,88,74.175
CS28,88,125.695
CS29,88,94.931
CS1,89,59.469
CS2,89,33.274
CS3,89,33.242
CS4,89,28.962
CS5,89,57.731
CS6,89,35.398
CS7,89,69.38
CS8,89,24.36
CS9,89,87.916
CS10,89,96.411
CS11,89,78.23
CS12,89,81.19
CS13,89,18.504
CS14,89,22.108
CS15,89,80.289
CS16,89,18.825
CS17,89,19.759
CS18,89,96.733
CS19,89,96.122
CS20,89,97.666
CS21,89,100.723
CS22,89,49.943
CS23,89,49.268
CS24,89,105.1
CS25,89,103.587
CS26,89,123.024
CS27,89,79.485
CS28,89,143.619
CS29,89,100.241
CS1,90,27.707
CS2,90,36.75
CS3,90,36.717
CS4,90,39.388
CS5,90,16.412
CS6,90,39.26
CS7,90,52.421
CS8,90,48.173
CS9,90,44.569
CS10,90,53.033
CS11,90,21.979
CS12,90,24.94
CS13,90,68.35
CS14,90,69.155
CS15,90,24.038
CS16,90,68.672
CS17,90,67.707
CS18,90,40.482
CS19,90,39.839
CS20,90,41.416
CS21,90,44.441
CS22,90,69.09
CS23,90,82.349
CS24,90,88.141
CS25,90,47.337
CS26,90,65.39
CS27,90,112.566
CS28,90,126.66
CS29,90,133.322